"Whisky","Meta Critic","STDEV","#","Cost","Class","Super Cluster","Cluster","Country","Type"
"Aberfeldy 12yo","8.17","0.29","13","$$$","SingleMalt-like","EF","E","Scotland","Malt"
"Aberfeldy 21yo","8.78","0.19","9","$$$$$","SingleMalt-like","EF","E","Scotland","Malt"
"Aberlour 10yo","8.26","0.45","12","$$","SingleMalt-like","ABC","C","Scotland","Malt"
"Aberlour 12yo Double Cask Matured","8.38","0.18","10","$$$","SingleMalt-like","ABC","B","Scotland","Malt"
"Aberlour 12yo Non-Chill-Filtered","8.77","0.23","9","$$$","SingleMalt-like","ABC","B","Scotland","Malt"
"Aberlour 16yo Double Cask Matured","8.74","0.18","10","$$$$","SingleMalt-like","ABC","A","Scotland","Malt"
"Aberlour 18yo","8.78","0.29","10","$$$$","SingleMalt-like","ABC","A","Scotland","Malt"
"Aberlour A'Bunadh (Batch 30)","9","0.18","6","$$$$","SingleMalt-like","ABC","A","Scotland","Malt"
"Aberlour A'Bunadh (Batch 32)","8.91","0.74","4","$$$$","SingleMalt-like","ABC","A","Scotland","Malt"
"Aberlour A'Bunadh (Batch 33)","9.19","0.15","5","$$$$","SingleMalt-like","ABC","A","Scotland","Malt"
"Aberlour A'Bunadh (Batch 34)","8.94","0.33","5","$$$$","SingleMalt-like","ABC","A","Scotland","Malt"
"Aberlour A'Bunadh (Batch 35)","9.05","0.24","5","$$$$","SingleMalt-like","ABC","A","Scotland","Malt"
"Aberlour A'Bunadh (Batch 36)","9.04","0.51","4","$$$$","SingleMalt-like","ABC","A","Scotland","Malt"
"Aberlour A'Bunadh (Batch 37)","9.15","0.06","3","$$$$","SingleMalt-like","ABC","A","Scotland","Malt"
"Aberlour A'Bunadh (Batch 38)","8.68","0.18","3","$$$$","SingleMalt-like","ABC","A","Scotland","Malt"
"Aberlour A'Bunadh (Batch 39)","9.12","0.24","6","$$$$","SingleMalt-like","ABC","A","Scotland","Malt"
"Aberlour A'Bunadh (Batch 40)","9.15","0.19","4","$$$$","SingleMalt-like","ABC","A","Scotland","Malt"
"Aberlour A'Bunadh (Batch 42)","8.83","0.13","3","$$$$","SingleMalt-like","ABC","A","Scotland","Malt"
"Aberlour A'Bunadh (Batch 45)","9.03","0.32","4","$$$$","SingleMalt-like","ABC","A","Scotland","Malt"
"Aberlour A'Bunadh (Batch 47)","8.94","0.4","6","$$$$","SingleMalt-like","ABC","A","Scotland","Malt"
"Aberlour A'Bunadh (Batch 48)","8.82","0.58","4","$$$$","SingleMalt-like","ABC","A","Scotland","Malt"
"Aberlour A'Bunadh (Batch 49)","9.25","0.08","6","$$$$","SingleMalt-like","ABC","A","Scotland","Malt"
"Aberlour A'Bunadh (Batch 50)","8.75","0.39","7","$$$$","SingleMalt-like","ABC","A","Scotland","Malt"
"Aberlour A'Bunadh (all batches)","9","0.22","20","$$$$","SingleMalt-like","ABC","A","Scotland","Malt"
"AnCnoc 12yo","8.67","0.38","15","$$$","SingleMalt-like","GH","H","Scotland","Malt"
"AnCnoc 16yo","8.66","0.37","10","$$$$","SingleMalt-like","GH","G","Scotland","Malt"
"AnCnoc 22yo","8.86","0.25","8","$$$$$","SingleMalt-like","ABC","C","Scotland","Malt"
"AnCnoc Flaughter","8.72","0.29","8","$$$$","SingleMalt-like","J","J","Scotland","Malt"
"AnCnoc Peter Arkle (all releases)","8.47","0.33","6","$$$$","SingleMalt-like","GH","G","Scotland","Malt"
"AnCnoc Rutter","9.03","0.29","6","$$$$","SingleMalt-like","J","J","Scotland","Malt"
"Ardbeg 10yo","9.02","0.34","19","$$$","SingleMalt-like","J","J","Scotland","Malt"
"Ardbeg Alligator","9.1","0.14","12","$$$$$+","SingleMalt-like","J","J","Scotland","Malt"
"Ardbeg Ardbog The Ultimate","9.08","0.48","15","$$$$$","SingleMalt-like","J","J","Scotland","Malt"
"Ardbeg Auriverdes","9","0.31","13","$$$$$","SingleMalt-like","J","J","Scotland","Malt"
"Ardbeg Corryvreckan","9.22","0.26","15","$$$$","SingleMalt-like","J","J","Scotland","Malt"
"Ardbeg Galileo","8.59","0.51","12","$$$$$+","SingleMalt-like","ABC","C","Scotland","Malt"
"Ardbeg Perpetuum","8.91","0.33","12","$$$$$","SingleMalt-like","J","J","Scotland","Malt"
"Ardbeg Supernova 2014","9.11","0.33","12","$$$$$+","SingleMalt-like","J","J","Scotland","Malt"
"Ardbeg Supernova 2015","9.15","0.34","5","$$$$$+","SingleMalt-like","J","J","Scotland","Malt"
"Ardbeg Uigeadail","9.25","0.45","18","$$$$","SingleMalt-like","J","J","Scotland","Malt"
"Ardmore Traditional Cask","8.58","0.19","17","$$$","SingleMalt-like","I","I","Scotland","Malt"
"Arran Malt 10yo","8.58","0.35","18","$$$","SingleMalt-like","GH","G","Scotland","Malt"
"Arran Malt 14yo","8.72","0.29","17","$$$$","SingleMalt-like","GH","G","Scotland","Malt"
"Arran Malt Amarone Cask Finish","8.83","0.41","8","$$$","SingleMalt-like","ABC","B","Scotland","Malt"
"Arran Malt Madeira Wine Cask","8.62","0.45","10","$$$$","SingleMalt-like","ABC","C","Scotland","Malt"
"Arran Malt Port Cask Finish","8.59","0.41","10","$$$","SingleMalt-like","ABC","C","Scotland","Malt"
"Arran Malt Sauternes Finish","8.51","0.36","9","$$$","SingleMalt-like","EF","E","Scotland","Malt"
"Arran Malt Sherry Cask","8.22","0.52","10","$$$$$","SingleMalt-like","ABC","C","Scotland","Malt"
"Arran Robert Burns Single Malt","8.17","0.63","6","$$","SingleMalt-like","EF","F","Scotland","Malt"
"Auchentoshan 10yo","7.82","0.33","9","$$$","SingleMalt-like","GH","H","Scotland","Malt"
"Auchentoshan 12yo","8.32","0.27","19","$$$","SingleMalt-like","EF","E","Scotland","Malt"
"Auchentoshan 18yo","8.43","0.3","10","$$$$$","SingleMalt-like","EF","E","Scotland","Malt"
"Auchentoshan 21yo","8.75","0.34","10","$$$$$","SingleMalt-like","EF","E","Scotland","Malt"
"Auchentoshan American Oak","7.5","0.93","6","$$","SingleMalt-like","GH","H","Scotland","Malt"
"Auchentoshan Classic","7.92","0.39","7","$$","SingleMalt-like","GH","H","Scotland","Malt"
"Auchentoshan Three Wood","8.23","0.44","19","$$$$","SingleMalt-like","ABC","A","Scotland","Malt"
"Auchentoshan Valinch","8.19","0.74","9","$$$","SingleMalt-like","GH","H","Scotland","Malt"
"Auchentoshan Virgin Oak","8.22","0.59","7","$$$$","SingleMalt-like","GH","H","Scotland","Malt"
"Auchroisk 10yo (F&F)","8.11","0.14","4","$$$","SingleMalt-like","EF","E","Scotland","Malt"
"Aultmore 12yo","8.37","0.17","5","$$$$","SingleMalt-like","GH","H","Scotland","Malt"
"Balblair 1989","8.62","0.43","10","$$$$$","SingleMalt-like","ABC","C","Scotland","Malt"
"Balblair 2000","8.38","0.33","9","$$$$","SingleMalt-like","GH","H","Scotland","Malt"
"Balvenie 12yo Doublewood","8.45","0.38","17","$$$$","SingleMalt-like","ABC","A","Scotland","Malt"
"Balvenie 12yo Single Barrel","8.69","0.42","8","$$$$","SingleMalt-like","EF","E","Scotland","Malt"
"Balvenie 12yo Triple Cask","8.24","0.45","6","$$$$","SingleMalt-like","ABC","A","Scotland","Malt"
"Balvenie 14yo Carribean Cask","8.51","0.42","12","$$$$","SingleMalt-like","EF","F","Scotland","Malt"
"Balvenie 15yo Single Barrel (Cask)","8.88","0.27","17","$$$$","SingleMalt-like","GH","G","Scotland","Malt"
"Balvenie 16yo Triple Cask","8.65","0.27","8","$$$$","SingleMalt-like","ABC","A","Scotland","Malt"
"Balvenie 17yo Doublewood","8.72","0.27","9","$$$$$","SingleMalt-like","ABC","C","Scotland","Malt"
"Balvenie 21yo Port Wood","8.76","0.41","12","$$$$$","SingleMalt-like","ABC","A","Scotland","Malt"
"Balvenie TUN 1401 (all 8 batches)","9.19","0.33","13","$$$$$+","SingleMalt-like","ABC","A","Scotland","Malt"
"Balvenie TUN 1509 (both batches)","9.06","0.24","8","$$$$$+","SingleMalt-like","ABC","B","Scotland","Malt"
"Ben Nevis 10yo","8.17","0.46","11","$$$","SingleMalt-like","ABC","C","Scotland","Malt"
"BenRiach 10yo Curiositas","8.59","0.32","15","$$$","SingleMalt-like","I","I","Scotland","Malt"
"BenRiach 10yo","8.6","0.12","4","$$$","SingleMalt-like","GH","G","Scotland","Malt"
"BenRiach 12yo Matured in Sherry Wood","8.73","0.23","10","$$$","SingleMalt-like","ABC","B","Scotland","Malt"
"BenRiach 12yo","8.4","0.3","12","$$$","SingleMalt-like","GH","G","Scotland","Malt"
"BenRiach 15yo Tawny Port Finish","8.53","0.23","10","$$$$","SingleMalt-like","ABC","C","Scotland","Malt"
"BenRiach 17yo Septendecim Peated","8.55","0.59","16","$$$$","SingleMalt-like","J","J","Scotland","Malt"
"BenRiach 17yo Solstice 1st Peated Port Finish","8.93","0.25","3","$$$$","SingleMalt-like","ABC","C","Scotland","Malt"
"BenRiach 17yo Solstice 2nd Peated Port Finish","8.9","0.51","9","$$$$","SingleMalt-like","ABC","C","Scotland","Malt"
"BenRiach 17yo Solstice Peated Port (both editions)","8.94","0.34","9","$$$$","SingleMalt-like","ABC","C","Scotland","Malt"
"BenRiach 18yo Dunder","8.74","0.23","4","$$$$$","SingleMalt-like","J","J","Scotland","Malt"
"BenRiach 20yo","8.24","0.77","9","$$$$$","SingleMalt-like","GH","G","Scotland","Malt"
"BenRiach 25yo","8.82","0.49","12","$$$$$+","SingleMalt-like","EF","E","Scotland","Malt"
"BenRiach Birnie Moss","8.28","0.41","9","$$$","SingleMalt-like","I","I","Scotland","Malt"
"Benrinnes 15yo F&F","7.91","0.8","4","$$$$","SingleMalt-like","ABC","C","Scotland","Malt"
"Benromach 10yo","8.74","0.3","17","$$$","SingleMalt-like","I","I","Scotland","Malt"
"Benromach Peat Smoke","8.49","0.27","11","$$$$","SingleMalt-like","J","J","Scotland","Malt"
"Big Peat (Douglas Laing)","8.85","0.22","13","$$$$","SingleMalt-like","I","I","Scotland","Malt"
"Big Peat Christmas Edition (2012-2015)","8.88","0.14","8","$$$$","SingleMalt-like","J","J","Scotland","Malt"
"Blair Athol 12yo (F&F)","8.41","0.56","6","$$$","SingleMalt-like","ABC","C","Scotland","Malt"
"Bowmore 12yo","8.41","0.25","14","$$$","SingleMalt-like","I","I","Scotland","Malt"
"Bowmore 15 Darkest","8.6","0.36","17","$$$$","SingleMalt-like","ABC","C","Scotland","Malt"
"Bowmore 15 Laimrig","9.05","0.18","11","$$$$","SingleMalt-like","ABC","C","Scotland","Malt"
"Bowmore 18yo","8.57","0.47","14","$$$$","SingleMalt-like","I","I","Scotland","Malt"
"Bowmore 25yo","8.96","0.48","8","$$$$$+","SingleMalt-like","ABC","C","Scotland","Malt"
"Bowmore Small Batch","8.45","0.32","9","$$$","SingleMalt-like","I","I","Scotland","Malt"
"Bowmore Tempest 10yo","8.84","0.22","16","$$$$","SingleMalt-like","I","I","Scotland","Malt"
"Brora 21yo","8.79","0.48","3","$$$$$+","SingleMalt-like","J","J","Scotland","Malt"
"Brora 30yo","9.36","0.22","15","$$$$$+","SingleMalt-like","J","J","Scotland","Malt"
"Brora 35yo","9.52","0.41","7","$$$$$+","SingleMalt-like","J","J","Scotland","Malt"
"Bruichladdich Black Art 4 1990","8.45","0.61","4","$$$$$+","SingleMalt-like","EF","E","Scotland","Malt"
"Bruichladdich Laddie Classic","8.44","0.61","6","$$$","SingleMalt-like","GH","G","Scotland","Malt"
"Bruichladdich Laddie Ten","8.87","0.36","12","$$$","SingleMalt-like","I","I","Scotland","Malt"
"Bruichladdich Octomore 6.1","8.73","0.28","10","$$$$$","SingleMalt-like","J","J","Scotland","Malt"
"Bruichladdich Octomore 7.1","9.02","0.39","4","$$$$$","SingleMalt-like","J","J","Scotland","Malt"
"Bruichladdich Port Charlotte 10yo Heavily Peated","8.74","0.23","4","$$$$","SingleMalt-like","I","I","Scotland","Malt"
"Bruichladdich Port Charlotte An Turas Mor","8.82","0.33","9","$$$$","SingleMalt-like","I","I","Scotland","Malt"
"Bruichladdich Port Charlotte PC10 Tro Na Linntean","9.01","0.54","6","$$$$$+","SingleMalt-like","I","I","Scotland","Malt"
"Bruichladdich Port Charlotte Scottish Barley","8.85","0.26","12","$$$$","SingleMalt-like","I","I","Scotland","Malt"
"Bruichladdich Port Charlotte The Peat Project","8.65","0.3","5","$$$$","SingleMalt-like","J","J","Scotland","Malt"
"Bunnahabhain 12yo","8.53","0.37","11","$$$","SingleMalt-like","EF","F","Scotland","Malt"
"Bunnahabhain 18yo","8.9","0.36","11","$$$$$","SingleMalt-like","ABC","C","Scotland","Malt"
"Bunnahabhain 25yo","8.9","0.28","11","$$$$$+","SingleMalt-like","ABC","A","Scotland","Malt"
"Bunnahabhain Ceòbanach","8.78","0.31","8","$$$$","SingleMalt-like","J","J","Scotland","Malt"
"Bunnahabhain Toiteach","8.55","0.43","11","$$$$","SingleMalt-like","J","J","Scotland","Malt"
"Caol Ila 12yo","8.74","0.2","15","$$$$","SingleMalt-like","I","I","Scotland","Malt"
"Caol Ila 18yo","8.66","0.54","13","$$$$$","SingleMalt-like","I","I","Scotland","Malt"
"Caol Ila 30yo","9.34","0.25","8","$$$$$+","SingleMalt-like","I","I","Scotland","Malt"
"Caol Ila Distiller's Edition (all editions)","8.74","0.39","10","$$$$","SingleMalt-like","J","J","Scotland","Malt"
"Cardhu 12yo","8.12","0.49","17","$$$","SingleMalt-like","GH","H","Scotland","Malt"
"Cardhu Amber Rock","8.28","0.28","4","$$$","SingleMalt-like","GH","H","Scotland","Malt"
"Clynelish 14yo","8.81","0.27","13","$$$$","SingleMalt-like","EF","F","Scotland","Malt"
"Compass Box Flaming Heart","8.94","0.39","16","$$$$$","SingleMalt-like","I","I","Scotland","Malt"
"Compass Box Oak Cross","8.85","0.32","9","$$$","SingleMalt-like","EF","F","Scotland","Malt"
"Compass Box Peat Monster","8.68","0.31","15","$$$","SingleMalt-like","J","J","Scotland","Malt"
"Compass Box Spice Tree","8.82","0.35","15","$$$$","SingleMalt-like","EF","F","Scotland","Malt"
"Compass Box The Lost Blend","9.03","0.27","9","$$$$$","SingleMalt-like","I","I","Scotland","Malt"
"Compass Box This is Not a Luxury Whisky","8.78","0.41","7","$$$$$","SingleMalt-like","ABC","C","Scotland","Malt"
"Cragganmore 12yo","8.33","0.39","13","$$$$","SingleMalt-like","EF","E","Scotland","Malt"
"Cragganmore 25yo","9.11","0.05","3","$$$$$+","SingleMalt-like","EF","E","Scotland","Malt"
"Craigellachie 13yo","8.46","0.36","10","$$$","SingleMalt-like","GH","G","Scotland","Malt"
"Craigellachie 14yo","8.31","0.29","5","$$$$$+","SingleMalt-like","EF","F","Scotland","Malt"
"Craigellachie 17yo","8.58","0.31","6","$$$$$","SingleMalt-like","EF","E","Scotland","Malt"
"Dalmore 12yo","8.51","0.24","14","$$$","SingleMalt-like","EF","E","Scotland","Malt"
"Dalmore 15yo","8.37","0.57","14","$$$$","SingleMalt-like","ABC","C","Scotland","Malt"
"Dalmore Cigar Malt Reserve","8.23","0.71","10","$$$$$","SingleMalt-like","ABC","C","Scotland","Malt"
"Dalmore Valour","8.03","0.38","7","$$$$","SingleMalt-like","EF","E","Scotland","Malt"
"Dalwhinnie 15yo","8.71","0.38","15","$$$$","SingleMalt-like","GH","H","Scotland","Malt"
"Deanston 12yo","8.06","0.47","12","$$$","SingleMalt-like","EF","F","Scotland","Malt"
"Deanston Virgin Oak","8.22","0.49","9","$$","SingleMalt-like","GH","H","Scotland","Malt"
"Deveron 12yo (Macduff)","7.98","0.85","3","$$$$","SingleMalt-like","EF","E","Scotland","Malt"
"Dufftown Singleton of Dufftown 12yo","8","0.61","8","$$","SingleMalt-like","EF","E","Scotland","Malt"
"Edradour 10yo","8.26","0.43","10","$$$","SingleMalt-like","EF","E","Scotland","Malt"
"Elements of Islay ""Peat""","9.01","0.26","3","$$$","SingleMalt-like","I","I","Scotland","Malt"
"Fettercairn Fior","8.57","0.4","3","$$$","SingleMalt-like","I","I","Scotland","Malt"
"Finlaggan Old Reserve","8.47","0.57","12","$$","SingleMalt-like","J","J","Scotland","Malt"
"Glen Deveron 10yo (Macduff)","7.94","0.42","5","$$","SingleMalt-like","EF","E","Scotland","Malt"
"Glen Elgin 12yo","8.43","0.25","11","$$$$","SingleMalt-like","EF","E","Scotland","Malt"
"Glen Garioch 12yo","8.66","0.35","12","$$$$","SingleMalt-like","EF","F","Scotland","Malt"
"Glen Garioch 1995","8.96","0.43","6","$$$$","SingleMalt-like","I","I","Scotland","Malt"
"Glen Garioch Founder's Reserve","8.32","0.44","13","$$$","SingleMalt-like","GH","G","Scotland","Malt"
"Glen Grant 10yo","8.43","0.51","5","$$$","SingleMalt-like","GH","H","Scotland","Malt"
"Glen Moray 12yo","7.79","0.52","11","$$","SingleMalt-like","GH","G","Scotland","Malt"
"Glen Moray Classic","7.96","0.24","5","$","SingleMalt-like","GH","G","Scotland","Malt"
"Glen Ord Singleton of Glen Ord 12yo","8.33","0.13","3","","SingleMalt-like","EF","E","Scotland","Malt"
"Glen Scotia 12yo","8.22","0.59","7","$$$$","SingleMalt-like","I","I","Scotland","Malt"
"Glen Spey 12yo (F&F)","8","0.56","4","$$$","SingleMalt-like","GH","H","Scotland","Malt"
"GlenDronach 12yo Original","8.61","0.23","18","$$$","SingleMalt-like","ABC","A","Scotland","Malt"
"GlenDronach 12yo Sauternes Cask Finish","8.94","0.16","3","$$$$","SingleMalt-like","ABC","A","Scotland","Malt"
"GlenDronach 14yo Sauternes Cask Finish","8.39","0.4","6","$$$$","SingleMalt-like","ABC","A","Scotland","Malt"
"GlenDronach 14yo Virgin Oak","8.52","0.35","10","$$$$","SingleMalt-like","GH","G","Scotland","Malt"
"GlenDronach 15yo Revival","8.95","0.33","16","$$$$","SingleMalt-like","ABC","A","Scotland","Malt"
"GlenDronach 18yo Allardice","8.71","0.44","13","$$$$$","SingleMalt-like","ABC","A","Scotland","Malt"
"GlenDronach 18yo Tawny Port Finish","8.6","0.44","4","$$$$$","SingleMalt-like","ABC","A","Scotland","Malt"
"GlenDronach 8yo The Hielan","8.47","0.39","7","$$$","SingleMalt-like","EF","E","Scotland","Malt"
"GlenDronach Cask Strength (all four batches)","9.07","0.18","10","$$$$","SingleMalt-like","ABC","A","Scotland","Malt"
"GlenDronach Peated","8.36","0.23","3","$$$","SingleMalt-like","I","I","Scotland","Malt"
"Glenburgie 10yo (Gordon & MacPhail)","7.96","0.45","7","$$$","SingleMalt-like","EF","F","Scotland","Malt"
"Glencadam 10yo","8.45","0.52","9","$$$","SingleMalt-like","GH","H","Scotland","Malt"
"Glencadam 21yo","8.88","0.28","8","$$$$$","SingleMalt-like","GH","H","Scotland","Malt"
"Glendullan Singleton of Glendullan 12yo","8.03","0.49","11","$$$","SingleMalt-like","EF","E","Scotland","Malt"
"Glenfarclas 105 (NAS)","8.77","0.38","18","$$$$","SingleMalt-like","ABC","C","Scotland","Malt"
"Glenfarclas 10yo","8.36","0.37","10","$$$","SingleMalt-like","ABC","B","Scotland","Malt"
"Glenfarclas 12yo","8.63","0.39","14","$$$","SingleMalt-like","ABC","C","Scotland","Malt"
"Glenfarclas 15yo","8.68","0.28","12","$$$$","SingleMalt-like","ABC","B","Scotland","Malt"
"Glenfarclas 17yo","8.76","0.28","15","$$$$$","SingleMalt-like","ABC","B","Scotland","Malt"
"Glenfarclas 21yo","8.61","0.37","9","$$$$$","SingleMalt-like","ABC","B","Scotland","Malt"
"Glenfarclas 25yo","8.73","0.32","10","$$$$$","SingleMalt-like","ABC","C","Scotland","Malt"
"Glenfarclas 40yo","9.3","0.33","10","$$$$$+","SingleMalt-like","ABC","A","Scotland","Malt"
"Glenfiddich 12yo","8.08","0.26","21","$$$","SingleMalt-like","GH","G","Scotland","Malt"
"Glenfiddich 14yo Rich Oak","8.71","0.31","7","$$$","SingleMalt-like","EF","E","Scotland","Malt"
"Glenfiddich 15yo Distillers Edition","8.77","0.34","10","$$$$","SingleMalt-like","EF","E","Scotland","Malt"
"Glenfiddich 15yo Solera","8.6","0.26","17","$$$$","SingleMalt-like","ABC","A","Scotland","Malt"
"Glenfiddich 18yo","8.58","0.45","13","$$$$$","SingleMalt-like","EF","E","Scotland","Malt"
"Glenfiddich 1963 Original Malt","8.41","0.54","3","$$$$","SingleMalt-like","GH","G","Scotland","Malt"
"Glenfiddich 19yo Age of Discovery (Bourbon Cask)","8.81","0.37","6","$$$$$","SingleMalt-like","EF","E","Scotland","Malt"
"Glenfiddich 19yo Age of Discovery (Madeira Cask)","8.41","0.38","10","$$$$$","SingleMalt-like","ABC","A","Scotland","Malt"
"Glenfiddich 21yo Gran Reserva","8.74","0.33","11","$$$$$","SingleMalt-like","ABC","C","Scotland","Malt"
"Glenfiddich 26yo Excellence","8.74","0.51","6","$$$$$+","SingleMalt-like","GH","G","Scotland","Malt"
"Glenfiddich Cask of Dreams","8.79","0.27","6","$$$$$","SingleMalt-like","EF","F","Scotland","Malt"
"Glenfiddich Malt Master's Edition","8.3","0.33","7","$$$$","SingleMalt-like","ABC","A","Scotland","Malt"
"Glenglassaugh 26yo","8.54","0.56","5","$$$$$+","SingleMalt-like","ABC","A","Scotland","Malt"
"Glengoyne 10yo","8.23","0.36","11","$$$","SingleMalt-like","GH","G","Scotland","Malt"
"Glengoyne 12yo Cask Strength","8.53","0.4","9","$$$$","SingleMalt-like","ABC","B","Scotland","Malt"
"Glengoyne 12yo","8.53","0.43","9","$$$","SingleMalt-like","ABC","B","Scotland","Malt"
"Glengoyne 15yo","8.47","0.53","8","$$$$","SingleMalt-like","ABC","B","Scotland","Malt"
"Glengoyne 17yo","8.45","0.21","10","$$$$$","SingleMalt-like","EF","E","Scotland","Malt"
"Glengoyne 18yo","8.58","0.44","10","$$$$$","SingleMalt-like","ABC","C","Scotland","Malt"
"Glengoyne 21yo","8.87","0.23","12","$$$$$","SingleMalt-like","ABC","A","Scotland","Malt"
"Glengoyne Cask Strength","8.76","0.46","5","$$$$","SingleMalt-like","ABC","B","Scotland","Malt"
"Glengyle Work in Progress Kilkerran","8.42","0.12","3","$$$$","SingleMalt-like","GH","G","Scotland","Malt"
"Glenkinchie 12yo","8.27","0.19","11","$$$","SingleMalt-like","GH","G","Scotland","Malt"
"Glenkinchie Distiller's Edition (all editions)","8.38","0.3","11","$$$$","SingleMalt-like","GH","B","Scotland","Malt"
"Glenlivet 12yo","8.04","0.32","18","$$$","SingleMalt-like","EF","E","Scotland","Malt"
"Glenlivet 15yo French Oak","8.39","0.27","15","$$$$","SingleMalt-like","EF","F","Scotland","Malt"
"Glenlivet 18yo","8.6","0.19","17","$$$$$","SingleMalt-like","EF","E","Scotland","Malt"
"Glenlivet 21yo Archive (all batches)","8.88","0.33","11","$$$$$","SingleMalt-like","EF","E","Scotland","Malt"
"Glenlivet Founder's Reserve","7.94","0.47","9","$$","SingleMalt-like","EF","E","Scotland","Malt"
"Glenlivet Nadurra 16yo","8.89","0.19","19","$$$$","SingleMalt-like","ABC","C","Scotland","Malt"
"Glenlivet Nadurra First Fill (White Oak)","9.08","0.27","3","$$$$","SingleMalt-like","EF","E","Scotland","Malt"
"Glenlivet Nadurra Oloroso","8.18","0.66","6","$$$$","SingleMalt-like","ABC","A","Scotland","Malt"
"Glenlivet XXV 25yo","8.96","0.21","8","$$$$$+","SingleMalt-like","ABC","C","Scotland","Malt"
"Glenlossie 10yo (F&F)","8.16","0.34","8","$$$","SingleMalt-like","GH","G","Scotland","Malt"
"Glenmorangie 10yo ""Original""","8.49","0.49","21","$$$","SingleMalt-like","GH","G","Scotland","Malt"
"Glenmorangie 18yo ""Extremely Rare""","8.67","0.23","10","$$$$$","SingleMalt-like","EF","E","Scotland","Malt"
"Glenmorangie Dornoch","8.8","0.46","6","$$$$","SingleMalt-like","ABC","C","Scotland","Malt"
"Glenmorangie Duthac","8.59","0.3","7","$$$$","SingleMalt-like","ABC","C","Scotland","Malt"
"Glenmorangie Ealanta","8.89","0.34","11","$$$$$+","SingleMalt-like","EF","F","Scotland","Malt"
"Glenmorangie Lasanta","8.44","0.34","16","$$$","SingleMalt-like","ABC","A","Scotland","Malt"
"Glenmorangie Milsean","8.47","0.55","3","$$$$$","SingleMalt-like","ABC","A","Scotland","Malt"
"Glenmorangie Nectar d'Or","8.84","0.3","17","$$$$","SingleMalt-like","ABC","A","Scotland","Malt"
"Glenmorangie Quinta Ruban","8.58","0.53","19","$$$","SingleMalt-like","ABC","B","Scotland","Malt"
"Glenmorangie Signet","8.97","0.4","16","$$$$$","SingleMalt-like","ABC","C","Scotland","Malt"
"Glenmorangie Taghta","8.67","0.33","8","$$$$$","SingleMalt-like","ABC","C","Scotland","Malt"
"Glenmorangie Tusail","8.88","0.35","7","$$$$$","SingleMalt-like","GH","G","Scotland","Malt"
"Glenrothes Select Reserve","7.93","0.33","11","$$$","SingleMalt-like","EF","E","Scotland","Malt"
"Glenrothes Sherry Cask Reserve","8.08","0.87","7","$$$$","SingleMalt-like","ABC","A","Scotland","Malt"
"Glenrothes Vintage 1995 (2011/2012/2014 bottlings)","8.63","0.28","12","$$$$","SingleMalt-like","EF","E","Scotland","Malt"
"Glenrothes Vintage 1998 (2014)","8.32","0.64","9","$$$$","SingleMalt-like","EF","F","Scotland","Malt"
"Glenrothes Vintage Reserve (NAS)","8.68","0.28","3","$$$","SingleMalt-like","EF","E","Scotland","Malt"
"Glentauchers 1991 18yo (Gordon & MacPhail)","8.43","0.27","3","$$$$","SingleMalt-like","ABC","B","Scotland","Malt"
"Glenturret 10yo","8.17","0.51","10","$$","SingleMalt-like","GH","G","Scotland","Malt"
"Hazelburn 12yo (Springbank)","8.67","0.22","10","$$$$","SingleMalt-like","ABC","C","Scotland","Malt"
"Hazelburn 8yo (Springbank)","8.42","0.37","11","$$$$","SingleMalt-like","GH","G","Scotland","Malt"
"Highland Park 10yo","8.54","0.3","11","$$$","SingleMalt-like","I","I","Scotland","Malt"
"Highland Park 12yo (all reviews)","8.68","0.23","19","$$$","SingleMalt-like","I","I","Scotland","Malt"
"Highland Park 12yo (reviews post-mid 2014)","8.39","0.4","10","$$$","SingleMalt-like","I","I","Scotland","Malt"
"Highland Park 12yo (reviews pre-mid 2014)","8.83","0.26","15","$$$","SingleMalt-like","I","I","Scotland","Malt"
"Highland Park 16yo Odin","9.15","0.3","6","$$$$$+","SingleMalt-like","ABC","C","Scotland","Malt"
"Highland Park 18yo","9.17","0.26","20","$$$$$","SingleMalt-like","ABC","C","Scotland","Malt"
"Highland Park 21yo","8.89","0.41","14","$$$$$+","SingleMalt-like","ABC","C","Scotland","Malt"
"Highland Park 25yo","9.2","0.25","12","$$$$$+","SingleMalt-like","ABC","C","Scotland","Malt"
"Highland Park 30yo","9.06","0.42","9","$$$$$+","SingleMalt-like","ABC","C","Scotland","Malt"
"Highland Park 40yo","9.07","0.39","8","$$$$$+","SingleMalt-like","ABC","C","Scotland","Malt"
"Highland Park Dark Origins","8.51","0.53","14","$$$$","SingleMalt-like","ABC","C","Scotland","Malt"
"Highland Park Einar","8.33","0.47","5","$$$$","SingleMalt-like","I","I","Scotland","Malt"
"Highland Park Sigurd","9.09","0.32","7","$$$$$","SingleMalt-like","I","I","Scotland","Malt"
"Highland Park Svein","8.33","0.16","9","$$$","SingleMalt-like","GH","G","Scotland","Malt"
"Inchgower 14yo (F&F)","8.7","0.49","7","$$$$","SingleMalt-like","GH","H","Scotland","Malt"
"Jura 10yo Origin","8.03","0.41","15","$$$","SingleMalt-like","I","I","Scotland","Malt"
"Jura 12yo Elixir","8.33","0.52","9","$$$","SingleMalt-like","ABC","C","Scotland","Malt"
"Jura Brooklyn","8.81","0.24","6","$$$$","SingleMalt-like","ABC","C","Scotland","Malt"
"Jura Prophecy","8.68","0.34","14","$$$$","SingleMalt-like","J","J","Scotland","Malt"
"Jura Superstition","8.22","0.49","16","$$$","SingleMalt-like","I","I","Scotland","Malt"
"Kilchoman 100% Islay (all editions)","8.79","0.29","14","$$$$","SingleMalt-like","J","J","Scotland","Malt"
"Kilchoman Loch Gorm","9.06","0.17","14","$$$$","SingleMalt-like","J","J","Scotland","Malt"
"Kilchoman Machir Bay (2012/2013/2014)","8.82","0.27","18","$$$$","SingleMalt-like","J","J","Scotland","Malt"
"Kilchoman Winter 2010 Release","8.54","0.17","4","$$$$","SingleMalt-like","J","J","Scotland","Malt"
"Knockando 12yo (All Vintages)","7.92","0.43","12","$$","SingleMalt-like","GH","G","Scotland","Malt"
"Lagavulin 12yo Cask Strength","9.23","0.14","16","$$$$$","SingleMalt-like","J","J","Scotland","Malt"
"Lagavulin 16yo","9.3","0.26","23","$$$$","SingleMalt-like","J","J","Scotland","Malt"
"Lagavulin Distiller's Edition (All Vintages)","9.12","0.28","16","$$$$$","SingleMalt-like","J","J","Scotland","Malt"
"Laphroaig 10yo Cask Strength (all batches)","9.07","0.22","15","$$$$","SingleMalt-like","J","J","Scotland","Malt"
"Laphroaig 10yo","8.92","0.26","17","$$$","SingleMalt-like","J","J","Scotland","Malt"
"Laphroaig 15yo (200th Anniversary)","8.85","0.32","13","$$$$","SingleMalt-like","J","J","Scotland","Malt"
"Laphroaig 18yo","9.07","0.3","15","$$$$$","SingleMalt-like","J","J","Scotland","Malt"
"Laphroaig 25yo","9.21","0.3","11","$$$$$+","SingleMalt-like","ABC","C","Scotland","Malt"
"Laphroaig Cairdeas 2013 Port Wood","8.82","0.52","10","$$$$","SingleMalt-like","ABC","C","Scotland","Malt"
"Laphroaig Cairdeas 2014 Amontillado","9.02","0.22","7","$$$$","SingleMalt-like","J","J","Scotland","Malt"
"Laphroaig Cairdeas 2015","9.16","0.2","6","$$$$","SingleMalt-like","J","J","Scotland","Malt"
"Laphroaig Quarter Cask","9.1","0.22","19","$$$$","SingleMalt-like","J","J","Scotland","Malt"
"Ledaig 10yo (Tobermory)","8.22","0.37","15","$$$","SingleMalt-like","I","I","Scotland","Malt"
"Linkwood 12yo (F&F)","8.61","0.37","6","$$$$","SingleMalt-like","GH","H","Scotland","Malt"
"Loch Lomond","7.3","0.46","7","$","SingleMalt-like","GH","H","Scotland","Malt"
"Longmorn 16yo","8.69","0.34","14","$$$$$","SingleMalt-like","ABC","C","Scotland","Malt"
"Longrow Peated (NAS)","8.81","0.26","16","$$$","SingleMalt-like","I","I","Scotland","Malt"
"Macallan 10yo (OB, Sherry Oak)","8.47","0.42","7","$$$","SingleMalt-like","ABC","A","Scotland","Malt"
"Macallan 10yo Fine Oak","8.23","0.33","14","$$$","SingleMalt-like","EF","E","Scotland","Malt"
"Macallan 12yo Fine Oak","8.48","0.41","13","$$$$","SingleMalt-like","GH","G","Scotland","Malt"
"Macallan 1824 Amber","8.35","0.39","11","$$$","SingleMalt-like","EF","E","Scotland","Malt"
"Macallan 1824 Gold","8.3","0.3","14","$$$","SingleMalt-like","GH","G","Scotland","Malt"
"Macallan 1824 Rare Cask","8.76","0.46","8","$$$$$+","SingleMalt-like","ABC","A","Scotland","Malt"
"Macallan 1824 Ruby","8.82","0.2","11","$$$$$","SingleMalt-like","ABC","A","Scotland","Malt"
"Macallan 1824 Sienna","8.84","0.33","14","$$$$$","SingleMalt-like","ABC","C","Scotland","Malt"
"Macallan 18yo Fine Oak","8.83","0.33","11","$$$$$","SingleMalt-like","ABC","C","Scotland","Malt"
"Macallan 30yo Fine Oak","8.59","0.37","6","$$$$$+","SingleMalt-like","ABC","C","Scotland","Malt"
"Mackinlay 'Shackleton' Rare Old Highland Malt Whisky","8.88","0.33","14","$$$$$","SingleMalt-like","GH","H","Scotland","Malt"
"Mannochmore 12yo (F&F)","8.26","0.13","4","$$$","SingleMalt-like","GH","G","Scotland","Malt"
"Miltonduff 10yo (F&F)","8.07","0.48","4","$$$","SingleMalt-like","EF","E","Scotland","Malt"
"Monkey Shoulder","8.28","0.42","13","$$","SingleMalt-like","EF","E","Scotland","Malt"
"Mortlach 15yo (Gordon & MacPhail)","8.72","0.4","10","$$$$","SingleMalt-like","ABC","C","Scotland","Malt"
"Mortlach 16yo (F&F)","8.69","0.32","8","$$$$$","SingleMalt-like","ABC","C","Scotland","Malt"
"Mortlach 18yo","8.71","0.73","7","$$$$$+","SingleMalt-like","EF","E","Scotland","Malt"
"Mortlach Rare Old","8.56","0.4","10","$$$$$","SingleMalt-like","EF","E","Scotland","Malt"
"Mortlach Special Strength","8.74","0.64","5","$$$$$","SingleMalt-like","EF","E","Scotland","Malt"
"Oban 14yo","8.43","0.44","13","$$$$","SingleMalt-like","I","I","Scotland","Malt"
"Oban Little Bay","8.51","0.33","8","$$$$","SingleMalt-like","I","I","Scotland","Malt"
"Old Ballantruan Peated (Toumintoul)","8.2","0.49","7","$$$$","SingleMalt-like","I","I","Scotland","Malt"
"Old Pulteney 12yo","8.44","0.3","21","$$$","SingleMalt-like","EF","E","Scotland","Malt"
"Old Pulteney 17yo","8.85","0.29","14","$$$$$","SingleMalt-like","EF","E","Scotland","Malt"
"Old Pulteney 21yo","8.66","0.65","11","$$$$$","SingleMalt-like","GH","H","Scotland","Malt"
"Old Pulteney Navigator","8.42","0.31","7","$$$","SingleMalt-like","EF","E","Scotland","Malt"
"Royal Brackla 12yo","8.37","0.56","6","$$$$","SingleMalt-like","EF","E","Scotland","Malt"
"Royal Lochnagar 12yo","7.83","0.32","10","$$$$$","SingleMalt-like","ABC","C","Scotland","Malt"
"Scapa 16yo","8.27","0.29","12","$$$$","SingleMalt-like","EF","E","Scotland","Malt"
"Scapa Skiren","7.63","0.11","3","$$$$","SingleMalt-like","EF","E","Scotland","Malt"
"Speyburn 10yo","8.01","0.33","16","$$","SingleMalt-like","GH","H","Scotland","Malt"
"Speyside 10yo","7.65","0.71","4","$$$","SingleMalt-like","EF","E","Scotland","Malt"
"Speyside 12yo","7.82","0.65","9","$$","SingleMalt-like","GH","H","Scotland","Malt"
"Springbank 10yo","8.69","0.28","16","$$$$","SingleMalt-like","I","I","Scotland","Malt"
"Springbank 12yo Cask Strength","8.86","0.31","14","$$$$","SingleMalt-like","ABC","C","Scotland","Malt"
"Springbank 15yo","8.74","0.26","11","$$$$$","SingleMalt-like","ABC","C","Scotland","Malt"
"Springbank 18yo","8.97","0.2","14","$$$$$","SingleMalt-like","I","I","Scotland","Malt"
"Strathisla 12yo","8.27","0.28","11","$$$","SingleMalt-like","EF","E","Scotland","Malt"
"Strathmill 12yo","8.36","0.3","3","$$$$","SingleMalt-like","GH","G","Scotland","Malt"
"Strathmill 25yo","8.84","0.44","4","$$$$$+","SingleMalt-like","EF","E","Scotland","Malt"
"Talisker 10yo","8.92","0.22","19","$$$$","SingleMalt-like","I","I","Scotland","Malt"
"Talisker 18yo","9.25","0.21","14","$$$$$","SingleMalt-like","I","I","Scotland","Malt"
"Talisker 25yo","8.95","0.26","13","$$$$$+","SingleMalt-like","I","I","Scotland","Malt"
"Talisker 57 North","9.01","0.25","13","$$$$","SingleMalt-like","I","I","Scotland","Malt"
"Talisker Dark Storm","8.78","0.13","8","$$$","SingleMalt-like","I","I","Scotland","Malt"
"Talisker Distiller's Edition (all editions)","8.92","0.29","15","$$$$","SingleMalt-like","I","I","Scotland","Malt"
"Talisker Port Ruighe","8.55","0.45","12","$$$$","SingleMalt-like","ABC","C","Scotland","Malt"
"Talisker Skye","8.45","0.3","8","$$","SingleMalt-like","GH","G","Scotland","Malt"
"Talisker Storm","8.64","0.29","14","$$$$","SingleMalt-like","I","I","Scotland","Malt"
"Tamdhu 10yo","8.21","0.73","11","$$$$","SingleMalt-like","GH","H","Scotland","Malt"
"Tamnavulin 12yo","7.62","0.93","4","$$","SingleMalt-like","GH","H","Scotland","Malt"
"Teaninich 10yo (F&F)","8.13","0.18","3","","SingleMalt-like","EF","F","Scotland","Malt"
"Tobermory 10yo","8.21","0.46","17","$$$","SingleMalt-like","EF","F","Scotland","Malt"
"Tobermory 15yo","8.53","0.37","12","$$$$$","SingleMalt-like","ABC","C","Scotland","Malt"
"Tomatin 12yo","7.83","0.65","14","$$","SingleMalt-like","EF","E","Scotland","Malt"
"Tomatin 14yo Portwood","8.64","0.44","5","$$$$","SingleMalt-like","ABC","C","Scotland","Malt"
"Tomatin 15yo","8.33","0.14","5","$$$$","SingleMalt-like","EF","E","Scotland","Malt"
"Tomatin 18yo","8.68","0.23","7","$$$$","SingleMalt-like","ABC","C","Scotland","Malt"
"Tomatin Cu Bocan 1989 Limited Edition","8.95","0.33","3","$$$$$+","SingleMalt-like","I","I","Scotland","Malt"
"Tomatin Cu Bocan Sherry Edition","8.39","0.37","3","$$$$","SingleMalt-like","ABC","C","Scotland","Malt"
"Tomatin Cu Bocan Virgin Oak Edition","8.52","0.49","3","$$$$","SingleMalt-like","GH","H","Scotland","Malt"
"Tomatin Cu Bocan","8.09","0.33","10","$$$$","SingleMalt-like","GH","H","Scotland","Malt"
"Tomatin Legacy","8.26","0.48","8","$$","SingleMalt-like","GH","G","Scotland","Malt"
"Tomintoul 10yo","7.87","0.3","12","$$$","SingleMalt-like","GH","G","Scotland","Malt"
"Tomintoul 12yo Oloroso Sherry","8.28","0.6","9","$$$$","SingleMalt-like","EF","E","Scotland","Malt"
"Tomintoul 16yo","8.43","0.48","12","$$$","SingleMalt-like","GH","G","Scotland","Malt"
"Tomintoul Peaty Tang","7.96","0.79","8","$$","SingleMalt-like","J","J","Scotland","Malt"
"Tormore 12yo","7.83","0.4","9","$$$","SingleMalt-like","GH","G","Scotland","Malt"
"Tormore 14yo","8.05","0.28","4","$$$","SingleMalt-like","GH","G","Scotland","Malt"
"Tullibardine 1993 Port","7.98","0.38","5","$$$$","SingleMalt-like","ABC","B","Scotland","Malt"
"Tullibardine 1993 Sauternes","8.25","0.37","4","$$$","SingleMalt-like","EF","E","Scotland","Malt"
"Tullibardine 20yo","8.68","0.32","4","$$$$$","SingleMalt-like","GH","G","Scotland","Malt"
"Tullibardine 225 Sauternes Finish","8.41","0.47","4","$$$$","SingleMalt-like","EF","E","Scotland","Malt"
"Tullibardine Aged Oak Edition","8.17","0.46","7","$$$","SingleMalt-like","GH","G","Scotland","Malt"
"Tullibardine Vintage 1993","8.3","0.5","8","$$$","SingleMalt-like","GH","G","Scotland","Malt"
"Wemyss Malts Kiln Embers","8.78","0.11","3","$$$","SingleMalt-like","J","J","Scotland","Malt"
"Wemyss Malts Peat Chimney","8.43","0.51","11","$$$","SingleMalt-like","I","I","Scotland","Malt"
"Wemyss Malts Smooth Gentleman","8.3","0.09","3","$$$","SingleMalt-like","EF","E","Scotland","Malt"
"Wemyss Malts The Hive","8.41","0.21","11","$$$","SingleMalt-like","GH","G","Scotland","Malt"
"Wemyss Malts The Rockpool","8.92","0.32","3","$$$","SingleMalt-like","I","I","Scotland","Malt"
"Wemyss Malts The Spice King","8.39","0.33","11","$$$","SingleMalt-like","ABC","C","Scotland","Malt"
"Wemyss Malts Velvet Fig","8.27","1.16","5","$$$","SingleMalt-like","ABC","A","Scotland","Malt"
