Whisky	Meta Critic	STDEV	#	Super Cluster	Cluster
Glenfarclas 40yo	9.3	0.33	10	ABC	A
Aberlour A'Bunadh (Batch 49)	9.25	0.08	6	ABC	A
Laphroaig 25yo	9.21	0.3	11	ABC	C
Highland Park 25yo	9.2	0.25	12	ABC	C
Aberlour A'Bunadh (Batch 33)	9.19	0.15	5	ABC	A
Balvenie TUN 1401 (all 8 batches)	9.19	0.33	13	ABC	A
Highland Park 18yo	9.17	0.26	20	ABC	C
Aberlour A'Bunadh (Batch 37)	9.15	0.06	3	ABC	A
Aberlour A'Bunadh (Batch 40)	9.15	0.19	4	ABC	A
Highland Park 16yo Odin	9.15	0.3	6	ABC	C
Aberlour A'Bunadh (Batch 39)	9.12	0.24	6	ABC	A
GlenDronach Cask Strength (all four batches)	9.07	0.18	10	ABC	A
Highland Park 40yo	9.07	0.39	8	ABC	C
Balvenie TUN 1509 (both batches)	9.06	0.24	8	ABC	B
Highland Park 30yo	9.06	0.42	9	ABC	C
Aberlour A'Bunadh (Batch 35)	9.05	0.24	5	ABC	A
Bowmore 15 Laimrig	9.05	0.18	11	ABC	C
Aberlour A'Bunadh (Batch 36)	9.04	0.51	4	ABC	A
Aberlour A'Bunadh (Batch 45)	9.03	0.32	4	ABC	A
Aberlour A'Bunadh (all batches)	9	0.22	20	ABC	A
Aberlour A'Bunadh (Batch 30)	9	0.18	6	ABC	A
Glenmorangie Signet	8.97	0.4	16	ABC	C
Bowmore 25yo	8.96	0.48	8	ABC	C
Glenlivet XXV 25yo	8.96	0.21	8	ABC	C
GlenDronach 15yo Revival	8.95	0.33	16	ABC	A
Aberlour A'Bunadh (Batch 34)	8.94	0.33	5	ABC	A
Aberlour A'Bunadh (Batch 47)	8.94	0.4	6	ABC	A
BenRiach 17yo Solstice Peated Port (both editions)	8.94	0.34	9	ABC	C
GlenDronach 12yo Sauternes Cask Finish	8.94	0.16	3	ABC	A
BenRiach 17yo Solstice 1st Peated Port Finish	8.93	0.25	3	ABC	C
Aberlour A'Bunadh (Batch 32)	8.91	0.74	4	ABC	A
BenRiach 17yo Solstice 2nd Peated Port Finish	8.9	0.51	9	ABC	C
Bunnahabhain 18yo	8.9	0.36	11	ABC	C
Bunnahabhain 25yo	8.9	0.28	11	ABC	A
Glenlivet Nadurra 16yo	8.89	0.19	19	ABC	C
Highland Park 21yo	8.89	0.41	14	ABC	C
Glengoyne 21yo	8.87	0.23	12	ABC	A
AnCnoc 22yo	8.86	0.25	8	ABC	C
Springbank 12yo Cask Strength	8.86	0.31	14	ABC	C
Glenmorangie Nectar d'Or	8.84	0.3	17	ABC	A
Macallan 1824 Sienna	8.84	0.33	14	ABC	C
Aberlour A'Bunadh (Batch 42)	8.83	0.13	3	ABC	A
Arran Malt Amarone Cask Finish	8.83	0.41	8	ABC	B
Macallan 18yo Fine Oak	8.83	0.33	11	ABC	C
Aberlour A'Bunadh (Batch 48)	8.82	0.58	4	ABC	A
Laphroaig Cairdeas 2013 Port Wood	8.82	0.52	10	ABC	C
Macallan 1824 Ruby	8.82	0.2	11	ABC	A
Jura Brooklyn	8.81	0.24	6	ABC	C
Glenmorangie Dornoch	8.8	0.46	6	ABC	C
Aberlour 18yo	8.78	0.29	10	ABC	A
Compass Box This is Not a Luxury Whisky	8.78	0.41	7	ABC	C
Aberlour 12yo Non-Chill-Filtered	8.77	0.23	9	ABC	B
Glenfarclas 105 (NAS)	8.77	0.38	18	ABC	C
Balvenie 21yo Port Wood	8.76	0.41	12	ABC	A
Glenfarclas 17yo	8.76	0.28	15	ABC	B
Glengoyne Cask Strength	8.76	0.46	5	ABC	B
Macallan 1824 Rare Cask	8.76	0.46	8	ABC	A
Aberlour A'Bunadh (Batch 50)	8.75	0.39	7	ABC	A
Aberlour 16yo Double Cask Matured	8.74	0.18	10	ABC	A
Glenfiddich 21yo Gran Reserva	8.74	0.33	11	ABC	C
Springbank 15yo	8.74	0.26	11	ABC	C
BenRiach 12yo Matured in Sherry Wood	8.73	0.23	10	ABC	B
Glenfarclas 25yo	8.73	0.32	10	ABC	C
Balvenie 17yo Doublewood	8.72	0.27	9	ABC	C
Mortlach 15yo (Gordon & MacPhail)	8.72	0.4	10	ABC	C
GlenDronach 18yo Allardice	8.71	0.44	13	ABC	A
Longmorn 16yo	8.69	0.34	14	ABC	C
Mortlach 16yo (F&F)	8.69	0.32	8	ABC	C
Aberlour A'Bunadh (Batch 38)	8.68	0.18	3	ABC	A
Glenfarclas 15yo	8.68	0.28	12	ABC	B
Tomatin 18yo	8.68	0.23	7	ABC	C
Glenmorangie Taghta	8.67	0.33	8	ABC	C
Hazelburn 12yo (Springbank)	8.67	0.22	10	ABC	C
Balvenie 16yo Triple Cask	8.65	0.27	8	ABC	A
Tomatin 14yo Portwood	8.64	0.44	5	ABC	C
Glenfarclas 12yo	8.63	0.39	14	ABC	C
Arran Malt Madeira Wine Cask	8.62	0.45	10	ABC	C
Balblair 1989	8.62	0.43	10	ABC	C
GlenDronach 12yo Original	8.61	0.23	18	ABC	A
Glenfarclas 21yo	8.61	0.37	9	ABC	B
Bowmore 15 Darkest	8.6	0.36	17	ABC	C
GlenDronach 18yo Tawny Port Finish	8.6	0.44	4	ABC	A
Glenfiddich 15yo Solera	8.6	0.26	17	ABC	A
Ardbeg Galileo	8.59	0.51	12	ABC	C
Arran Malt Port Cask Finish	8.59	0.41	10	ABC	C
Glenmorangie Duthac	8.59	0.3	7	ABC	C
Macallan 30yo Fine Oak	8.59	0.37	6	ABC	C
Glengoyne 18yo	8.58	0.44	10	ABC	C
Glenmorangie Quinta Ruban	8.58	0.53	19	ABC	B
Talisker Port Ruighe	8.55	0.45	12	ABC	C
Glenglassaugh 26yo	8.54	0.56	5	ABC	A
BenRiach 15yo Tawny Port Finish	8.53	0.23	10	ABC	C
Glengoyne 12yo	8.53	0.43	9	ABC	B
Glengoyne 12yo Cask Strength	8.53	0.4	9	ABC	B
Tobermory 15yo	8.53	0.37	12	ABC	C
Highland Park Dark Origins	8.51	0.53	14	ABC	C
Glengoyne 15yo	8.47	0.53	8	ABC	B
Glenmorangie Milsean	8.47	0.55	3	ABC	A
Macallan 10yo (OB	 Sherry Oak)	8.47	0.42	SingleMalt-like	ABC
Balvenie 12yo Doublewood	8.45	0.38	17	ABC	A
Glenmorangie Lasanta	8.44	0.34	16	ABC	A
Glentauchers 1991 18yo (Gordon & MacPhail)	8.43	0.27	3	ABC	B
Blair Athol 12yo (F&F)	8.41	0.56	6	ABC	C
Glenfiddich 19yo Age of Discovery (Madeira Cask)	8.41	0.38	10	ABC	A
GlenDronach 14yo Sauternes Cask Finish	8.39	0.4	6	ABC	A
Tomatin Cu Bocan Sherry Edition	8.39	0.37	3	ABC	C
Wemyss Malts The Spice King	8.39	0.33	11	ABC	C
Aberlour 12yo Double Cask Matured	8.38	0.18	10	ABC	B
Dalmore 15yo	8.37	0.57	14	ABC	C
Glenfarclas 10yo	8.36	0.37	10	ABC	B
Jura 12yo Elixir	8.33	0.52	9	ABC	C
Glenfiddich Malt Master's Edition	8.3	0.33	7	ABC	A
Wemyss Malts Velvet Fig	8.27	1.16	5	ABC	A
Aberlour 10yo	8.26	0.45	12	ABC	C
Balvenie 12yo Triple Cask	8.24	0.45	6	ABC	A
Auchentoshan Three Wood	8.23	0.44	19	ABC	A
Dalmore Cigar Malt Reserve	8.23	0.71	10	ABC	C
Arran Malt Sherry Cask	8.22	0.52	10	ABC	C
Glenlivet Nadurra Oloroso	8.18	0.66	6	ABC	A
Ben Nevis 10yo	8.17	0.46	11	ABC	C
Glenrothes Sherry Cask Reserve	8.08	0.87	7	ABC	A
Tullibardine 1993 Port	7.98	0.38	5	ABC	B
Benrinnes 15yo F&F	7.91	0.8	4	ABC	C
Royal Lochnagar 12yo	7.83	0.32	10	ABC	C
Cragganmore 25yo	9.11	0.05	3	EF	E
Glenlivet Nadurra First Fill (White Oak)	9.08	0.27	3	EF	E
Glenmorangie Ealanta	8.89	0.34	11	EF	F
Glenlivet 21yo Archive (all batches)	8.88	0.33	11	EF	E
Compass Box Oak Cross	8.85	0.32	9	EF	F
Old Pulteney 17yo	8.85	0.29	14	EF	E
Strathmill 25yo	8.84	0.44	4	EF	E
BenRiach 25yo	8.82	0.49	12	EF	E
Compass Box Spice Tree	8.82	0.35	15	EF	F
Clynelish 14yo	8.81	0.27	13	EF	F
Glenfiddich 19yo Age of Discovery (Bourbon Cask)	8.81	0.37	6	EF	E
Glenfiddich Cask of Dreams	8.79	0.27	6	EF	F
Aberfeldy 21yo	8.78	0.19	9	EF	E
Glenfiddich 15yo Distillers Edition	8.77	0.34	10	EF	E
Auchentoshan 21yo	8.75	0.34	10	EF	E
Mortlach Special Strength	8.74	0.64	5	EF	E
Glenfiddich 14yo Rich Oak	8.71	0.31	7	EF	E
Mortlach 18yo	8.71	0.73	7	EF	E
Balvenie 12yo Single Barrel	8.69	0.42	8	EF	E
Glenrothes Vintage Reserve (NAS)	8.68	0.28	3	EF	E
Glenmorangie 18yo Extremely Rare	8.67	0.23	10	EF	E
Glen Garioch 12yo	8.66	0.35	12	EF	F
Glenrothes Vintage 1995 (2011/2012/2014 bottlings)	8.63	0.28	12	EF	E
Glenlivet 18yo	8.6	0.19	17	EF	E
Craigellachie 17yo	8.58	0.31	6	EF	E
Glenfiddich 18yo	8.58	0.45	13	EF	E
Mortlach Rare Old	8.56	0.4	10	EF	E
Bunnahabhain 12yo	8.53	0.37	11	EF	F
Arran Malt Sauternes Finish	8.51	0.36	9	EF	E
Balvenie 14yo Carribean Cask	8.51	0.42	12	EF	F
Dalmore 12yo	8.51	0.24	14	EF	E
GlenDronach 8yo The Hielan	8.47	0.39	7	EF	E
Bruichladdich Black Art 4 1990	8.45	0.61	4	EF	E
Glengoyne 17yo	8.45	0.21	10	EF	E
Old Pulteney 12yo	8.44	0.3	21	EF	E
Auchentoshan 18yo	8.43	0.3	10	EF	E
Glen Elgin 12yo	8.43	0.25	11	EF	E
Old Pulteney Navigator	8.42	0.31	7	EF	E
Tullibardine 225 Sauternes Finish	8.41	0.47	4	EF	E
Glenlivet 15yo French Oak	8.39	0.27	15	EF	F
Royal Brackla 12yo	8.37	0.56	6	EF	E
Macallan 1824 Amber	8.35	0.39	11	EF	E
Cragganmore 12yo	8.33	0.39	13	EF	E
Glen Ord Singleton of Glen Ord 12yo	8.33	0.13	3	EF	E
Tomatin 15yo	8.33	0.14	5	EF	E
Auchentoshan 12yo	8.32	0.27	19	EF	E
Glenrothes Vintage 1998 (2014)	8.32	0.64	9	EF	F
Craigellachie 14yo	8.31	0.29	5	EF	F
Wemyss Malts Smooth Gentleman	8.3	0.09	3	EF	E
Monkey Shoulder	8.28	0.42	13	EF	E
Tomintoul 12yo Oloroso Sherry	8.28	0.6	9	EF	E
Scapa 16yo	8.27	0.29	12	EF	E
Strathisla 12yo	8.27	0.28	11	EF	E
Edradour 10yo	8.26	0.43	10	EF	E
Tullibardine 1993 Sauternes	8.25	0.37	4	EF	E
Macallan 10yo Fine Oak	8.23	0.33	14	EF	E
Tobermory 10yo	8.21	0.46	17	EF	F
Aberfeldy 12yo	8.17	0.29	13	EF	E
Arran Robert Burns Single Malt	8.17	0.63	6	EF	F
Teaninich 10yo (F&F)	8.13	0.18	3	EF	F
Auchroisk 10yo (F&F)	8.11	0.14	4	EF	E
Miltonduff 10yo (F&F)	8.07	0.48	4	EF	E
Deanston 12yo	8.06	0.47	12	EF	F
Glenlivet 12yo	8.04	0.32	18	EF	E
Dalmore Valour	8.03	0.38	7	EF	E
Glendullan Singleton of Glendullan 12yo	8.03	0.49	11	EF	E
Dufftown Singleton of Dufftown 12yo	8	0.61	8	EF	E
Deveron 12yo (Macduff)	7.98	0.85	3	EF	E
Glenburgie 10yo (Gordon & MacPhail)	7.96	0.45	7	EF	F
Glen Deveron 10yo (Macduff)	7.94	0.42	5	EF	E
Glenlivet Founder's Reserve	7.94	0.47	9	EF	E
Glenrothes Select Reserve	7.93	0.33	11	EF	E
Tomatin 12yo	7.83	0.65	14	EF	E
Speyside 10yo	7.65	0.71	4	EF	E
Scapa Skiren	7.63	0.11	3	EF	E
Balvenie 15yo Single Barrel (Cask)	8.88	0.27	17	GH	G
Glencadam 21yo	8.88	0.28	8	GH	H
Glenmorangie Tusail	8.88	0.35	7	GH	G
Mackinlay 'Shackleton' Rare Old Highland Malt Whisky	8.88	0.33	14	GH	H
Glenfiddich 26yo Excellence	8.74	0.51	6	GH	G
Arran Malt 14yo	8.72	0.29	17	GH	G
Dalwhinnie 15yo	8.71	0.38	15	GH	H
Inchgower 14yo (F&F)	8.7	0.49	7	GH	H
Tullibardine 20yo	8.68	0.32	4	GH	G
AnCnoc 12yo	8.67	0.38	15	GH	H
AnCnoc 16yo	8.66	0.37	10	GH	G
Old Pulteney 21yo	8.66	0.65	11	GH	H
Linkwood 12yo (F&F)	8.61	0.37	6	GH	H
BenRiach 10yo	8.6	0.12	4	GH	G
Arran Malt 10yo	8.58	0.35	18	GH	G
GlenDronach 14yo Virgin Oak	8.52	0.35	10	GH	G
Tomatin Cu Bocan Virgin Oak Edition	8.52	0.49	3	GH	H
Glenmorangie 10yo Original	8.49	0.49	21	GH	G
Macallan 12yo Fine Oak	8.48	0.41	13	GH	G
AnCnoc Peter Arkle (all releases)	8.47	0.33	6	GH	G
Craigellachie 13yo	8.46	0.36	10	GH	G
Glencadam 10yo	8.45	0.52	9	GH	H
Talisker Skye	8.45	0.3	8	GH	G
Bruichladdich Laddie Classic	8.44	0.61	6	GH	G
Glen Grant 10yo	8.43	0.51	5	GH	H
Tomintoul 16yo	8.43	0.48	12	GH	G
Glengyle Work in Progress Kilkerran	8.42	0.12	3	GH	G
Hazelburn 8yo (Springbank)	8.42	0.37	11	GH	G
Glenfiddich 1963 Original Malt	8.41	0.54	3	GH	G
Wemyss Malts The Hive	8.41	0.21	11	GH	G
BenRiach 12yo	8.4	0.3	12	GH	G
Balblair 2000	8.38	0.33	9	GH	H
Glenkinchie Distiller's Edition (all editions)	8.38	0.3	11	GH	B
Aultmore 12yo	8.37	0.17	5	GH	H
Strathmill 12yo	8.36	0.3	3	GH	G
Highland Park Svein	8.33	0.16	9	GH	G
Glen Garioch Founder's Reserve	8.32	0.44	13	GH	G
Macallan 1824 Gold	8.3	0.3	14	GH	G
Tullibardine Vintage 1993	8.3	0.5	8	GH	G
Cardhu Amber Rock	8.28	0.28	4	GH	H
Glenkinchie 12yo	8.27	0.19	11	GH	G
Mannochmore 12yo (F&F)	8.26	0.13	4	GH	G
Tomatin Legacy	8.26	0.48	8	GH	G
BenRiach 20yo	8.24	0.77	9	GH	G
Glengoyne 10yo	8.23	0.36	11	GH	G
Auchentoshan Virgin Oak	8.22	0.59	7	GH	H
Deanston Virgin Oak	8.22	0.49	9	GH	H
Tamdhu 10yo	8.21	0.73	11	GH	H
Auchentoshan Valinch	8.19	0.74	9	GH	H
Glenturret 10yo	8.17	0.51	10	GH	G
Tullibardine Aged Oak Edition	8.17	0.46	7	GH	G
Glenlossie 10yo (F&F)	8.16	0.34	8	GH	G
Cardhu 12yo	8.12	0.49	17	GH	H
Tomatin Cu Bocan	8.09	0.33	10	GH	H
Glenfiddich 12yo	8.08	0.26	21	GH	G
Tormore 14yo	8.05	0.28	4	GH	G
Speyburn 10yo	8.01	0.33	16	GH	H
Glen Spey 12yo (F&F)	8	0.56	4	GH	H
Glen Moray Classic	7.96	0.24	5	GH	G
Auchentoshan Classic	7.92	0.39	7	GH	H
Knockando 12yo (All Vintages)	7.92	0.43	12	GH	G
Tomintoul 10yo	7.87	0.3	12	GH	G
Tormore 12yo	7.83	0.4	9	GH	G
Auchentoshan 10yo	7.82	0.33	9	GH	H
Speyside 12yo	7.82	0.65	9	GH	H
Glen Moray 12yo	7.79	0.52	11	GH	G
Tamnavulin 12yo	7.62	0.93	4	GH	H
Auchentoshan American Oak	7.5	0.93	6	GH	H
Loch Lomond	7.3	0.46	7	GH	H
Caol Ila 30yo	9.34	0.25	8	I	I
Talisker 18yo	9.25	0.21	14	I	I
Highland Park Sigurd	9.09	0.32	7	I	I
Compass Box The Lost Blend	9.03	0.27	9	I	I
Bruichladdich Port Charlotte PC10 Tro Na Linntean	9.01	0.54	6	I	I
Elements of Islay Peat	9.01	0.26	3	I	I
Talisker 57 North	9.01	0.25	13	I	I
Springbank 18yo	8.97	0.2	14	I	I
Glen Garioch 1995	8.96	0.43	6	I	I
Talisker 25yo	8.95	0.26	13	I	I
Tomatin Cu Bocan 1989 Limited Edition	8.95	0.33	3	I	I
Compass Box Flaming Heart	8.94	0.39	16	I	I
Talisker 10yo	8.92	0.22	19	I	I
Talisker Distiller's Edition (all editions)	8.92	0.29	15	I	I
Wemyss Malts The Rockpool	8.92	0.32	3	I	I
Bruichladdich Laddie Ten	8.87	0.36	12	I	I
Big Peat (Douglas Laing)	8.85	0.22	13	I	I
Bruichladdich Port Charlotte Scottish Barley	8.85	0.26	12	I	I
Bowmore Tempest 10yo	8.84	0.22	16	I	I
Highland Park 12yo (reviews pre-mid 2014)	8.83	0.26	15	I	I
Bruichladdich Port Charlotte An Turas Mor	8.82	0.33	9	I	I
Longrow Peated (NAS)	8.81	0.26	16	I	I
Talisker Dark Storm	8.78	0.13	8	I	I
Benromach 10yo	8.74	0.3	17	I	I
Bruichladdich Port Charlotte 10yo Heavily Peated	8.74	0.23	4	I	I
Caol Ila 12yo	8.74	0.2	15	I	I
Springbank 10yo	8.69	0.28	16	I	I
Highland Park 12yo (all reviews)	8.68	0.23	19	I	I
Caol Ila 18yo	8.66	0.54	13	I	I
Talisker Storm	8.64	0.29	14	I	I
BenRiach 10yo Curiositas	8.59	0.32	15	I	I
Ardmore Traditional Cask	8.58	0.19	17	I	I
Bowmore 18yo	8.57	0.47	14	I	I
Fettercairn Fior	8.57	0.4	3	I	I
Highland Park 10yo	8.54	0.3	11	I	I
Oban Little Bay	8.51	0.33	8	I	I
Bowmore Small Batch	8.45	0.32	9	I	I
Oban 14yo	8.43	0.44	13	I	I
Wemyss Malts Peat Chimney	8.43	0.51	11	I	I
Bowmore 12yo	8.41	0.25	14	I	I
Highland Park 12yo (reviews post-mid 2014)	8.39	0.4	10	I	I
GlenDronach Peated	8.36	0.23	3	I	I
Highland Park Einar	8.33	0.47	5	I	I
BenRiach Birnie Moss	8.28	0.41	9	I	I
Glen Scotia 12yo	8.22	0.59	7	I	I
Jura Superstition	8.22	0.49	16	I	I
Ledaig 10yo (Tobermory)	8.22	0.37	15	I	I
Old Ballantruan Peated (Toumintoul)	8.2	0.49	7	I	I
Jura 10yo Origin	8.03	0.41	15	I	I
Brora 35yo	9.52	0.41	7	J	J
Brora 30yo	9.36	0.22	15	J	J
Lagavulin 16yo	9.3	0.26	23	J	J
Ardbeg Uigeadail	9.25	0.45	18	J	J
Lagavulin 12yo Cask Strength	9.23	0.14	16	J	J
Ardbeg Corryvreckan	9.22	0.26	15	J	J
Laphroaig Cairdeas 2015	9.16	0.2	6	J	J
Ardbeg Supernova 2015	9.15	0.34	5	J	J
Lagavulin Distiller's Edition (All Vintages)	9.12	0.28	16	J	J
Ardbeg Supernova 2014	9.11	0.33	12	J	J
Ardbeg Alligator	9.1	0.14	12	J	J
Laphroaig Quarter Cask	9.1	0.22	19	J	J
Ardbeg Ardbog The Ultimate	9.08	0.48	15	J	J
Laphroaig 10yo Cask Strength (all batches)	9.07	0.22	15	J	J
Laphroaig 18yo	9.07	0.3	15	J	J
Kilchoman Loch Gorm	9.06	0.17	14	J	J
AnCnoc Rutter	9.03	0.29	6	J	J
Ardbeg 10yo	9.02	0.34	19	J	J
Bruichladdich Octomore 7.1	9.02	0.39	4	J	J
Laphroaig Cairdeas 2014 Amontillado	9.02	0.22	7	J	J
Ardbeg Auriverdes	9	0.31	13	J	J
Laphroaig 10yo	8.92	0.26	17	J	J
Ardbeg Perpetuum	8.91	0.33	12	J	J
Big Peat Christmas Edition (2012-2015)	8.88	0.14	8	J	J
Laphroaig 15yo (200th Anniversary)	8.85	0.32	13	J	J
Kilchoman Machir Bay (2012/2013/2014)	8.82	0.27	18	J	J
Brora 21yo	8.79	0.48	3	J	J
Kilchoman 100% Islay (all editions)	8.79	0.29	14	J	J
Bunnahabhain Ceòbanach	8.78	0.31	8	J	J
Wemyss Malts Kiln Embers	8.78	0.11	3	J	J
BenRiach 18yo Dunder	8.74	0.23	4	J	J
Caol Ila Distiller's Edition (all editions)	8.74	0.39	10	J	J
Bruichladdich Octomore 6.1	8.73	0.28	10	J	J
AnCnoc Flaughter	8.72	0.29	8	J	J
Compass Box Peat Monster	8.68	0.31	15	J	J
Jura Prophecy	8.68	0.34	14	J	J
Bruichladdich Port Charlotte The Peat Project	8.65	0.3	5	J	J
BenRiach 17yo Septendecim Peated	8.55	0.59	16	J	J
Bunnahabhain Toiteach	8.55	0.43	11	J	J
Kilchoman Winter 2010 Release	8.54	0.17	4	J	J
Benromach Peat Smoke	8.49	0.27	11	J	J
Finlaggan Old Reserve	8.47	0.57	12	J	J
Tomintoul Peaty Tang	7.96	0.79	8	J	J
